Id,SalePrice
1461,-233807.50442899182
1462,-187659.84541842437
1463,-158611.9809039913
1464,-147142.89073185602
1465,-133991.57808509644
1466,-174281.2967543921
1467,-161173.0268439065
1468,-183903.8610559872
1469,-135393.82395608435
1470,-227497.28939217533
1471,-187164.4081152271
1472,-243410.67576948955
1473,-249385.38099218818
1474,-198058.69164315454
1475,-240881.17356124724
1476,23744.488100110262
1477,-79675.8394284941
1478,-27515.486192034703
1479,-32538.573499915074
1480,126795.44691175563
1481,-25451.79114643953
1482,-128642.3203016646
1483,-169077.6837250549
1484,-179970.67210162123
1485,-155380.8643291987
1486,-150821.46500275156
1487,-5434.985150527529
1488,-111976.40342781562
1489,-140681.01331174778
1490,-90838.37382465492
1491,-142673.37031736545
1492,-246295.36408045853
1493,-135295.65829695237
1494,-30496.42256384337
1495,-55359.668971712366
1496,-99896.94823170015
1497,-171768.70975348965
1498,-166997.368699483
1499,-184437.6419412783
1500,-191306.25218282515
1501,-148691.29004472046
1502,-205052.9575934628
1503,-6254.615153052378
1504,-106635.5786278905
1505,-118101.89274745813
1506,-151576.80100010842
1507,-96196.6792616039
1508,-150413.4227354591
1509,-188134.32958554634
1510,-197246.2147800634
1511,-187590.87666898058
1512,-163561.9397296213
1513,-191355.89036999052
1514,-176136.29837458633
1515,-138155.40292753233
1516,-187784.01299561566
1517,-164495.50770326066
1518,-225736.65928374563
1519,-124801.27615553603
1520,-218315.20587612272
1521,-212609.99370090457
1522,-154145.44105049214
1523,-235157.88195407856
1524,-224876.0400872488
1525,-229826.2404454659
1526,-240792.22294375545
1527,-241003.65606232046
1528,-215090.52643271603
1529,-187181.5315974752
1530,-130963.62037329543
1531,-208932.91130194013
1532,-244179.03462028585
1533,-183799.68658066826
1534,-170387.4260046828
1535,-194166.59092300682
1536,-245778.9525608233
1537,-249278.9896433553
1538,-182687.18176060606
1539,-138029.64506718164
1540,-221126.94823142115
1541,-203368.2215006259
1542,-188943.85982043156
1543,-161852.9623268422
1544,-214283.1158751683
1545,-223180.2591665934
1546,-198639.7324845326
1547,-210848.5313189843
1548,-195274.51440512837
1549,-215987.66643076012
1550,-193010.4987088038
1551,-236817.31345359655
1552,-186557.5029510818
1553,-187987.9852141113
1554,-221496.92060767862
1555,-190777.26936713638
1556,-218335.99451484185
1557,-213214.9369765556
1558,-233494.31577343307
1559,-267642.60645776446
1560,-220564.9186253324
1561,134975.18591191835
1562,-213996.34672368076
1563,-215858.0795148721
1564,-184362.6529408649
1565,-190142.46421517053
1566,-116786.64304146856
1567,-275101.2685144325
1568,-119900.32151405352
1569,-211176.51831140084
1570,-210401.3413425226
1571,-207805.45767062186
1572,-199373.08052686966
1573,-78065.77702612353
1574,-208774.67716332086
1575,-102742.23794532675
1576,-97838.89914764324
1577,-159937.15224939713
1578,-185471.27632173322
1579,-197970.37292672746
1580,-150829.76383774335
1581,-183154.91367067615
1582,-207222.80689117563
1583,-62750.12665040877
1584,-123642.06552092399
1585,-207569.127106083
1586,-267536.7923694386
1587,-233009.63642807546
1588,-190100.78942920288
1589,-237441.4634886373
1590,-218110.49684051485
1591,-253987.67328338907
1592,-211247.68995621736
1593,-210583.2383488887
1594,142969.950379422
1595,-229603.70743992814
1596,-118372.36199426107
1597,-135336.17270124063
1598,-129961.56787550836
1599,-158206.79599021413
1600,-175998.92372398629
1601,-246146.25992597835
1602,-213448.79044989054
1603,-292029.7481151434
1604,-65927.34341435453
1605,-117177.61839351979
1606,-185733.8531733565
1607,-165217.14512278786
1608,-135834.96761795896
1609,-152122.26660523063
1610,-187042.92737756108
1611,-211050.6425578519
1612,-162520.0498886283
1613,-179127.16270593368
1614,-205727.9878387219
1615,-246898.56346967124
1616,-271334.89727622666
1617,-258876.9052972856
1618,-210955.93848300466
1619,-198803.361929346
1620,-168215.2803827501
1621,-215966.95018186662
1622,-191396.67288563636
1623,-87708.86231351366
1624,-142693.58288428307
1625,-228970.1756520112
1626,-169489.73279313635
1627,-153924.72316953453
1628,-66380.40676815438
1629,-163032.7049378376
1630,14141.699608997646
1631,-86964.7752022791
1632,-91816.62294064775
1633,-161968.91952651454
1634,-158253.03382385313
1635,-171869.4754419055
1636,-197592.02756407345
1637,-147427.9016810449
1638,-166005.11839195318
1639,-159600.91523118137
1640,-107947.21417605659
1641,-163026.81323412317
1642,-87173.39535952128
1643,-124656.8728818851
1644,-111684.5974135145
1645,-128801.82814421842
1646,-182067.86322207042
1647,-184479.54583322114
1648,-214847.6300579739
1649,-213712.43971416276
1650,-227327.08253893763
1651,-228443.05607615536
1652,-243568.4721998334
1653,-246937.51150650927
1654,-198919.34750467437
1655,-221850.11952126859
1656,-201699.7908159463
1657,-189143.97450763476
1658,-193576.73354782484
1659,-219004.77093902713
1660,-193211.08525010193
1661,83478.65092881655
1662,32671.980807335203
1663,32488.110616064077
1664,169345.35773268974
1665,-18131.73740405825
1666,-21183.376894185814
1667,20028.553217030974
1668,11996.20367794836
1669,-24334.243728020883
1670,12576.66416632125
1671,-70241.38792390595
1672,57491.42647005012
1673,-47294.33343464257
1674,-93023.78014425472
1675,-135247.22201169058
1676,-132948.03318555054
1677,-122651.39342173836
1678,121570.78378355398
1679,39810.948435255705
1680,-8753.599672458222
1681,-66386.81394316217
1682,-19991.20384318946
1683,-146658.34896674662
1684,-170369.15837415453
1685,-169843.91120513174
1686,-179535.2673376604
1687,-177874.99511827517
1688,-157450.09403881067
1689,-153303.24095635168
1690,-149785.2392359666
1691,-159822.35463085485
1692,-93221.3315614434
1693,-168253.3998369389
1694,-158296.29181838685
1695,-171785.7919118795
1696,-79810.31716819138
1697,-161910.98020120294
1698,-4799.7892914607655
1699,-7133.3949803292635
1700,-69847.7702598547
1701,-61265.15620137105
1702,-109274.27943412508
1703,-111599.23278345584
1704,-76210.08436633107
1705,-95522.09874871167
1706,-132761.8336813528
1707,-119545.09728656709
1708,-138583.35477161052
1709,-94935.23502888966
1710,-120735.05737001292
1711,-73045.35639961534
1712,-87032.66581556125
1713,-66555.83795644571
1714,-123786.38193009504
1715,-133815.83178672212
1716,-160327.40580487734
1717,-165452.1139965559
1718,-195230.4875897455
1719,-116307.10933857122
1720,240514.49766638328
1721,-193383.76759426756
1722,-226838.3224561348
1723,-192534.58884712617
1724,-126547.85656289873
1725,-102325.78869681159
1726,-157706.59368983377
1727,-187314.05419516165
1728,-183713.35577496744
1729,-167862.5033440673
1730,-181111.4175737958
1731,-227202.33563657722
1732,-213197.1681180647
1733,-229543.64668993573
1734,-219673.12496340045
1735,-243410.5344274314
1736,-249951.43310386332
1737,-61753.22872170745
1738,-72521.07140232544
1739,-97052.8602530794
1740,-124460.18908945151
1741,-152702.51992165856
1742,-166548.41779361013
1743,-170708.0170261562
1744,-4701.855794188072
1745,-124067.62759339993
1746,-152402.3346579507
1747,-124701.47365597331
1748,-124836.72457295028
1749,-214059.92231298075
1750,-215927.425932975
1751,-112302.34184896515
1752,-229250.87729519774
1753,-186509.40601562595
1754,-147082.66671988321
1755,-172573.82383098017
1756,-198303.50099999277
1757,-224176.8571035778
1758,-196284.7331267961
1759,-183806.93753710453
1760,-181713.8104831887
1761,-190502.21406819753
1762,-158556.49021982955
1763,-151693.93878116843
1764,-233545.94083797926
1765,-164615.04166254855
1766,-148696.93966504792
1767,-120139.45424222686
1768,-205201.9340512797
1769,-179962.345811477
1770,-189785.94049211888
1771,-224085.0753150258
1772,-212684.86396057875
1773,-231028.43370359697
1774,-191793.18937454806
1775,-199515.0269555
1776,-208697.60195467834
1777,-235285.1328769193
1778,-196710.43387436063
1779,-207108.61945621352
1780,-184003.46209054222
1781,-216810.69162896028
1782,-219625.04303328437
1783,-199321.802659533
1784,-244330.66187599185
1785,-206990.62980454182
1786,-230045.04779712087
1787,-187035.44745627124
1788,-299839.15146690304
1789,-241394.96492227702
1790,-273033.2386089644
1791,-146206.90952396882
1792,-176332.28747406404
1793,-209202.98272967438
1794,-178637.50373355695
1795,-209924.18112613645
1796,136210.31662998185
1797,-222075.15549180028
1798,-219985.40613850416
1799,-245136.33468742686
1800,-218420.65549867967
1801,-218476.0421762906
1802,-228874.96604324385
1803,-185163.44441619093
1804,-222161.9260243468
1805,-211383.45771090602
1806,-169979.90519199235
1807,-149632.91072005758
1808,-171551.91455746698
1809,-208849.58484583764
1810,-198876.22466296464
1811,-208843.92366755873
1812,-235560.3670558312
1813,-206650.08684796034
1814,-243323.27054572597
1815,-287701.70182526176
1816,-248810.02506110005
1817,-233406.63117414384
1818,-180758.12320181585
1819,-217184.2121808874
1820,-304553.93408990855
1821,-188801.23697327566
1822,-189422.17271327315
1823,-299082.30674215103
1824,-156742.72264010928
1825,-197430.24925978758
1826,-247901.8105395438
1827,-237138.38873858153
1828,-150429.3972930302
1829,-155544.30524698622
1830,-143287.5733027474
1831,-187067.6156041363
1832,-318241.85298798233
1833,-194873.8824061162
1834,-226344.43480950268
1835,-230821.23508852068
1836,-164928.91169842618
1837,-265680.0494688577
1838,-230425.66506196704
1839,-230555.1958993998
1840,-181519.76830519165
1841,-213335.9959650086
1842,-269992.4085259335
1843,-200336.18482541444
1844,-194641.92785066232
1845,-201613.38694512035
1846,-184636.63366953545
1847,-174445.60046203173
1848,-304402.7610149133
1849,-177503.58455762838
1850,-225680.23142024575
1851,-200280.20530617653
1852,-224842.69771696397
1853,-229883.19383760574
1854,-183721.6509357575
1855,-185078.06615574256
1856,-120788.929157896
1857,-210098.7141479005
1858,-198599.19784374887
1859,-226198.91132174677
1860,-198670.1990443867
1861,-227112.9991962169
1862,-39292.834669852076
1863,-53252.2267823545
1864,-53229.39899324975
1865,12403.338317106536
1866,-8336.151643324556
1867,-128741.24894594647
1868,-59117.45538036474
1869,-135287.9153999479
1870,-124205.09715183382
1871,-81781.60458455302
1872,-168411.17682489246
1873,-102548.36336698309
1874,-200221.53304973379
1875,-150199.52890869798
1876,-141863.90382338833
1877,-137364.35089414663
1878,-146218.9029033157
1879,-203348.29053593628
1880,-213914.46271143472
1881,-101517.01216690957
1882,-109119.01880444198
1883,-167048.90964773908
1884,-144586.3129966894
1885,-120530.70387719544
1886,-60443.9533997282
1887,-124255.81124792265
1888,-86567.57768722909
1889,-172952.75511175935
1890,-233520.17168414537
1891,-238122.42892857827
1892,-242795.98035307933
1893,-217518.32122469568
1894,-222729.9539330066
1895,-209489.80927269126
1896,-217900.70027891593
1897,-225806.67871419617
1898,-192448.4505649737
1899,-184585.40924137423
1900,-129572.74231073876
1901,-145615.82633867319
1902,-166218.87735629006
1903,-121011.98502017856
1904,-185261.66368904023
1905,-137086.32967921128
1906,-168465.0570750898
1907,-110706.32174415725
1908,-232497.581873846
1909,-214043.89620511155
1910,-224698.89335920988
1911,-109734.37879913962
1912,-31035.807523733194
1913,-189900.84013155152
1914,-279994.6169182393
1915,-2967.267874986719
1916,-303744.8857308378
1917,-115369.72892748861
1918,-205969.1879184258
1919,-187355.06844399532
1920,-183707.8092001402
1921,32975.67248258731
1922,-6129.410114863393
1923,-106790.54160047852
1924,-115560.20594935944
1925,-137357.85688714392
1926,29129.69771754733
1927,-220049.12390420042
1928,-168023.28265979682
1929,-228659.83030697412
1930,-220717.7016279511
1931,-219522.99930431964
1932,-220214.99797977376
1933,-148262.51105442102
1934,-154429.95192241913
1935,-173604.51407494297
1936,-132728.17842033497
1937,-164855.680268485
1938,-176636.3230229419
1939,-68817.00890946876
1940,-136729.88179540413
1941,-176527.0192420612
1942,-183268.02995246963
1943,-101843.40760421543
1944,36453.68741343674
1945,64425.07405037549
1946,-202886.08580252764
1947,-198252.78482745402
1948,-168017.75890327565
1949,-104082.72469789394
1950,-157715.46633019822
1951,-100819.32178522
1952,-142874.00477118677
1953,-164687.56718015898
1954,-164197.45422545963
1955,-209321.87963877732
1956,277624.75868126506
1957,-186959.69815360336
1958,-94030.78051733566
1959,-209178.37712502424
1960,-250714.69545463275
1961,-221575.79306690188
1962,-248625.58659951814
1963,-236072.98961133265
1964,-237877.31551173393
1965,-209394.0869539812
1966,-202280.41993326927
1967,-27414.005505428737
1968,66408.90234964507
1969,45208.22209989891
1970,53372.74128605935
1971,106207.20487473218
1972,27274.93676697297
1973,-42857.12536363251
1974,-2936.053617160622
1975,159243.9041374474
1976,-57397.84721600101
1977,19743.999356952612
1978,1512.332690066105
1979,-20063.667337668056
1980,-145137.53739555116
1981,6534.720614334365
1982,-120168.7940618038
1983,-134275.01267201215
1984,-163264.07213724946
1985,-114171.22020923872
1986,-139569.67071852164
1987,-138605.6439486701
1988,-172261.0140201756
1989,-153087.64430090188
1990,-135452.6957263251
1991,-105680.1773119303
1992,-116884.3300414888
1993,-181570.76569283745
1994,-110533.88942245023
1995,-157524.21376872272
1996,-57730.388359823424
1997,-23166.06352337997
1998,-23937.569420408356
1999,-31548.08179278599
2000,-19685.45926825487
2001,285245.157812129
2002,-98242.59765789763
2003,-98704.29277489714
2004,-58654.40375464759
2005,-122573.84990836616
2006,-117106.84137251203
2007,-97841.50470078319
2008,-103817.96027517406
2009,-137140.33524507933
2010,-148988.5657141185
2011,-210591.22434777123
2012,-162762.48998264057
2013,-162502.30445387785
2014,-156869.28971762807
2015,-122693.92742503708
2016,-146576.33478366965
2017,-145051.67224642998
2018,-242455.10734212128
2019,-215188.8895724244
2020,-270963.1171507573
2021,-248583.80582200876
2022,-127166.81441615733
2023,-203305.06756008352
2024,-50822.70350733078
2025,17441.67673394727
2026,-171619.9141113959
2027,-185897.4358109475
2028,-187292.65364881986
2029,-170306.74247385975
2030,-86616.67548553427
2031,-113511.97968614298
2032,-89889.31104600479
2033,-95647.40964657703
2034,-165876.48783102765
2035,-103527.64023393884
2036,-143980.67799395003
2037,-126072.87163324434
2038,-27469.619984499135
2039,-110749.69662954537
2040,-23652.21405537054
2041,-48033.924843311295
2042,-135760.09179499495
2043,-161387.55167462432
2044,-167256.3859204762
2045,-139659.04916672522
2046,-189485.97631221684
2047,-207423.0965300851
2048,-203252.5094115393
2049,-207144.24396157922
2050,-180985.00952514846
2051,-243109.84552237252
2052,-227346.68063647792
2053,-199244.2392601519
2054,-207491.87643017265
2055,-171357.44486226604
2056,-211313.3769679205
2057,-245829.45496260433
2058,-130258.21718070829
2059,-220614.8965322965
2060,-164864.43868518856
2061,-176329.81409224216
2062,-222422.50186708666
2063,-230735.76250208204
2064,-209462.2225800194
2065,-245429.2525898646
2066,-171820.0897757955
2067,-222991.63826531614
2068,-191523.72012364262
2069,-212101.2246238935
2070,-183301.34366185562
2071,-245960.96777066233
2072,-148708.27011461792
2073,-224260.29445261494
2074,180698.4409337825
2075,-172397.5353677089
2076,-220571.9627745861
2077,-184727.84911331642
2078,-215407.38905646995
2079,-212000.9798987256
2080,-227368.85854395526
2081,-218230.8926366677
2082,-210565.82209504468
2083,-188706.17455072387
2084,-238521.7856829216
2085,-230218.3870662338
2086,-233800.54042504437
2087,-226690.23449637933
2088,-193475.03911224706
2089,-266738.0423499811
2090,-181389.55592765505
2091,-237728.87720128783
2092,-212924.71879009134
2093,-155805.62411315102
2094,-233592.01673463744
2095,-172471.72122588533
2096,-205010.71638157964
2097,-245156.62825078407
2098,-177544.54676050087
2099,-259154.1714403036
2100,-287906.896042545
2101,-178545.23576439565
2102,-218411.54608514262
2103,-242344.38208761078
2104,-196313.07430391602
2105,-201688.78009903838
2106,-240421.17251529178
2107,-144202.85739496042
2108,-225123.4039318597
2109,-231317.10023782318
2110,-219183.96167839842
2111,-204014.8725630733
2112,-198935.3125078787
2113,-226922.61237466798
2114,-176422.6053094906
2115,-174943.44813974877
2116,-222188.9132236438
2117,-186432.41861534247
2118,-216478.1016916308
2119,-172941.93762294535
2120,-192655.73375493335
2121,-233675.49551855907
2122,-221289.90779466718
2123,-248443.27092247695
2124,-169621.26058026202
2125,-212806.01527932077
2126,-181655.77513645624
2127,-161766.11072270994
2128,-160970.49475677442
2129,-302200.0281963737
2130,-205561.89333605798
2131,-226587.01657724418
2132,-180830.161932396
2133,-215256.15326919797
2134,-231440.46643643954
2135,-245914.0568361751
2136,-287170.64199065045
2137,-241328.86825187167
2138,-218663.62497028982
2139,-202708.31675642804
2140,-201619.86349454336
2141,-163618.99729026412
2142,-213766.12166197546
2143,-186874.44334096985
2144,-215879.14127337153
2145,-203458.45271946653
2146,-153089.57262198016
2147,133212.4529898774
2148,-210920.23123880284
2149,-196346.86127395753
2150,-104966.21058117205
2151,-217253.12699831446
2152,194665.05812539894
2153,-156813.44073801232
2154,-237968.26796514046
2155,-199964.6088075657
2156,-85656.90690544937
2157,-110688.46638778492
2158,-98904.35482370804
2159,-120034.25087301413
2160,-151957.50771189178
2161,-115815.58878505285
2162,27450.52063167328
2163,7813.776142287126
2164,-89528.20424175548
2165,201932.70517496957
2166,-185641.84888186047
2167,-117511.22730914246
2168,-150373.0730725941
2169,-151268.89712034495
2170,-132057.78556337894
2171,-189699.78264877608
2172,-206318.58974466438
2173,-155186.88635357757
2174,-125077.13513390487
2175,-71428.54881444087
2176,-35603.85619870265
2177,-101159.89747711859
2178,-134409.78218576993
2179,-214049.1202714412
2180,-120342.78086917927
2181,-149073.90984323932
2182,-122934.73823559708
2183,-151548.93453244417
2184,-220529.86292454787
2185,-178398.83260682595
2186,-189575.5425713573
2187,-196387.56556425215
2188,-183447.61911657813
2189,-43317.83622195656
2190,-262293.27337981225
2191,-282047.8132558342
2192,-255698.75233983345
2193,-217615.07577682132
2194,-244117.70264619385
2195,-243180.4412053817
2196,-239687.41954500254
2197,-231075.58599041245
2198,-178909.0369936626
2199,-173577.05371123872
2200,-183125.08624398324
2201,-185589.3448826715
2202,-144496.87001964514
2203,-194683.9522579219
2204,-152263.78457206802
2205,-211863.79537007218
2206,-184078.43070872003
2207,-69730.68287750294
2208,-82983.40356200802
2209,-74838.029099471
2210,-218494.40134465246
2211,-219972.1039766564
2212,-219435.81516187976
2213,-237938.7328224144
2214,-199386.9835666356
2215,-243287.32210252905
2216,-187567.68834137096
2217,-233873.9588243479
2218,-215876.29562773253
2219,-283344.7503123616
2220,-276197.4166824328
2221,-2437.241680811101
2222,-40608.47515855606
2223,-64146.38647796672
2224,-140183.98107537668
2225,-218228.70910956417
2226,-162144.96676444128
2227,-149291.98686515365
2228,-59303.118908243734
2229,-92689.57564764321
2230,-183208.93480420744
2231,-125119.58104377125
2232,-159948.8776598189
2233,-158807.00800368848
2234,-95768.13177104059
2235,-114812.5052578912
2236,-92571.06829436566
2237,-38883.12880696033
2238,-141785.75854902045
2239,-240816.8502330846
2240,-193960.2396723684
2241,-198299.63340313535
2242,-219680.92948572812
2243,-220839.45620963935
2244,-241591.5748210915
2245,-220566.8701122627
2246,-208559.97797467516
2247,-208958.2422977898
2248,-217411.7182182853
2249,-230838.8753525738
2250,-218716.00938237636
2251,-258062.8318590981
2252,-148999.94283668543
2253,-180204.5000557346
2254,-159457.3622417897
2255,-155731.20811836218
2256,-176450.75296298022
2257,-130392.96955532244
2258,-197063.89813766998
2259,-167759.76590671868
2260,-205991.0079512063
2261,-113048.0606661112
2262,-100724.59131181304
2263,38243.246162638825
2264,126930.32770281413
2265,-175202.9137710346
2266,-21985.192181629216
2267,43104.25297891232
2268,134675.78944277627
2269,-192142.22064976813
2270,-159607.8440369534
2271,-133541.1434936918
2272,180130.08836278046
2273,-192283.18044889288
2274,-161163.5064379062
2275,-183162.35379978854
2276,-142666.49463908764
2277,-162138.2154273955
2278,-191202.2975343359
2279,-213544.87109434057
2280,-189304.10333383284
2281,-198162.2225687152
2282,-180296.79095673063
2283,-230001.33565899637
2284,-223882.8003237755
2285,-195246.60832249906
2286,-223405.25912508904
2287,41634.509458316956
2288,-44560.12830881514
2289,11871.788904027024
2290,89846.43487022366
2291,9481.056744908245
2292,73265.37769811219
2293,110806.61346762479
2294,47528.67839756771
2295,119347.21755163252
2296,-60769.273593259364
2297,38274.82159387189
2298,27406.217707902397
2299,9640.582595568296
2300,-14143.256404694403
2301,-5758.882349116204
2302,-78219.13347420913
2303,-88667.91705181422
2304,-77923.95359234691
2305,-127373.11042375129
2306,-139316.82229978454
2307,-131433.5051734838
2308,-105328.3962166467
2309,-43208.10045147792
2310,-119657.52007886743
2311,-128528.63298478235
2312,-160752.0668414494
2313,-174932.3210575358
2314,-157036.23305903282
2315,-159169.02498839522
2316,-138604.35700384615
2317,-146878.2695900569
2318,-156959.0349947651
2319,-153458.88174435782
2320,-159332.20592102833
2321,-105887.35284767018
2322,-143203.69531480887
2323,-138386.6792171278
2324,-160531.02204702958
2325,-130103.85005156319
2326,-171989.75450712518
2327,-145438.1932192078
2328,-123035.63498054385
2329,-151999.32652874215
2330,-161280.87077618067
2331,-2295.346915518807
2332,43616.23681369034
2333,-18926.755969781196
2334,-63082.1256406389
2335,-43797.56710763756
2336,-25100.401829897324
2337,-145432.06038407513
2338,-91796.6312039149
2339,-126933.09478422505
2340,43944.76691589161
2341,-138182.7439409077
2342,-113667.60656930607
2343,-117091.4846214298
2344,-128878.44753048792
2345,-117342.28945809216
2346,-122936.22219022164
2347,-134633.4481214324
2348,-89599.86168972088
2349,-132619.33176595604
2350,-38636.099020691065
2351,-60881.399336571325
2352,-97848.84415563592
2353,-89192.15095664565
2354,-176198.9215733764
2355,-189294.77584288135
2356,-199504.49021440852
2357,-151510.94425563855
2358,-139701.280460667
2359,-215418.80612200891
2360,-232309.71683724452
2361,-189714.35522583174
2362,-87486.76389343782
2363,-205326.7859484439
2364,-188140.58285232706
2365,-137146.7326988752
2366,-147667.57049362006
2367,-124555.40560299269
2368,-121611.48476696062
2369,-132705.19394556998
2370,-172822.64067034924
2371,-181125.3041255505
2372,-145102.35192907383
2373,-53797.08140411679
2374,-35211.78210276406
2375,-100939.04091439131
2376,-49360.42934839969
2377,-13712.302060115195
2378,-186503.986326219
2379,-119517.8872396958
2380,-196716.55749863898
2381,-172816.6352463047
2382,-137977.17244111712
2383,-152767.4271761652
2384,-112425.8807293946
2385,-186732.57750535267
2386,-211712.24912267464
2387,-221912.79406736157
2388,-237929.18162413262
2389,-234725.28739689116
2390,-183448.06752232206
2391,-195046.2318821204
2392,-223766.3783887842
2393,-160047.54847796872
2394,-190504.76698810034
2395,-132226.07802425348
2396,-208249.92257811554
2397,-133822.51731641864
2398,-213359.223011325
2399,-269466.61697077384
2400,-279766.16577619186
2401,-203280.26390124176
2402,-204933.49931543518
2403,-198224.43419210595
2404,-189289.78750834946
2405,-190147.42366884524
2406,-203278.75737427396
2407,-214175.82609443416
2408,-204142.6276705387
2409,-233019.75097429837
2410,-167627.1515014742
2411,-230005.31245019694
2412,-183399.08469253324
2413,-221748.05987923918
2414,-179136.81141951622
2415,-210111.05423736613
2416,-213052.82427847755
2417,-201450.04738665544
2418,-209604.9775800322
2419,-218314.72380053776
2420,-219320.1468462848
2421,-128377.1920034822
2422,-237638.13090807144
2423,-219266.33870654507
2424,-209891.69226057758
2425,-131262.8361648434
2426,-207305.4940795954
2427,-210269.6222848881
2428,-151562.47027753456
2429,-244795.9236496177
2430,-216308.97019789382
2431,-244301.3547643504
2432,-190792.50582305537
2433,-190199.33458987775
2434,-202525.60371215286
2435,-177485.71976795892
2436,-235656.28647449304
2437,-248022.0222140431
2438,-227610.66865753732
2439,-251269.56570434786
2440,-213777.60021665393
2441,-244304.04353421653
2442,-202166.73740180887
2443,-200573.7712338426
2444,-218805.67722076955
2445,-213995.61596702915
2446,-205791.25994103035
2447,-149229.53459392255
2448,-209594.72027758817
2449,-180421.89776375954
2450,-184391.95851426455
2451,-224408.77927055777
2452,-141336.95060167045
2453,-195175.1379790377
2454,-230031.81483572937
2455,-175125.88412876698
2456,-193201.5976239728
2457,-138538.82378874705
2458,-200609.74128475777
2459,-224642.66087484674
2460,-195011.6220588723
2461,-210509.2865580921
2462,-159173.342637
2463,-213581.00060967638
2464,-150870.06771704898
2465,-206729.27905828916
2466,-227275.99113408694
2467,-223484.20309461642
2468,-252673.83597413814
2469,-256848.98352328828
2470,-132411.33163392977
2471,-126457.5083313231
2472,-168601.1618091845
2473,-224435.46037610358
2474,-283117.84671104583
2475,-137141.97417514335
2476,-230293.5237707807
2477,-228311.64888465364
2478,-194260.78429891047
2479,-248178.2476644448
2480,-175412.0896457473
2481,-214906.66982015586
2482,-237979.3740334313
2483,-243396.2505320895
2484,-217596.5914806454
2485,-221707.6239058117
2486,-185380.33266873372
2487,-155117.46839612862
2488,-173745.15210605026
2489,-188000.4418859494
2490,-204066.9607960197
2491,-195605.1724474679
2492,-151094.07818340056
2493,-192533.86794398283
2494,-197425.72262391742
2495,-279568.9207158585
2496,-122148.47252258929
2497,-185337.80735954875
2498,-229356.11660092522
2499,-265945.0229966835
2500,-228071.26574580232
2501,-203400.81702436245
2502,-197259.17202765108
2503,-177326.73080733643
2504,-62983.87353815121
2505,-108717.02981381842
2506,-91429.6556863887
2507,-63561.89932133045
2508,-95283.37530943366
2509,-130288.29952949914
2510,-135588.24003671197
2511,-168535.02302635633
2512,-128718.40083661923
2513,-122617.06046234911
2514,335541.6635885949
2515,-182289.1690131945
2516,-169753.3266792204
2517,-188762.16208933527
2518,-191483.61347528745
2519,-93228.6069593821
2520,-118196.00647425515
2521,-157380.25264817575
2522,-123094.07021796354
2523,-231228.33908638958
2524,-203248.50522211925
2525,-191270.8493918946
2526,-180963.34308676608
2527,-221310.09402632382
2528,-188508.61619334863
2529,-215580.3296449267
2530,-217609.3766036618
2531,-79345.90450035721
2532,-124458.73093363983
2533,-146533.52436255477
2534,-96681.87071451322
2535,-70464.86359763322
2536,-125383.42369221598
2537,-84317.69817232015
2538,-153979.42026524807
2539,-157088.56228164322
2540,-155040.45120611845
2541,-168312.33392199822
2542,-179349.14423858823
2543,-240521.64530311065
2544,-224103.08961729135
2545,-211841.038018332
2546,-217338.52471961122
2547,-197547.78180920612
2548,-178643.8517685792
2549,-185739.275549893
2550,302431.493201326
2551,-205113.42002490824
2552,-209585.38297603402
2553,-272193.9175009557
2554,-258517.8428986931
2555,-240634.94387071647
2556,-253117.63624687202
2557,-244670.80426585965
2558,-162956.5699229259
2559,-184124.95167058887
2560,-170710.0658166423
2561,-184320.11014647436
2562,-169770.46704695412
2563,-181718.29267315383
2564,-140542.937000997
2565,-168356.89267177432
2566,-125260.60288732545
2567,-193562.39614043175
2568,-118324.10810816515
2569,-100396.4774731636
2570,-230490.7394915329
2571,-141162.6753907285
2572,-179606.47656520834
2573,-109775.51717402755
2574,-23721.739715412987
2575,-204627.05517883057
2576,-167605.83604735165
2577,-171710.21865185146
2578,-233613.69157148883
2579,-304794.5560956143
2580,-241283.9290535
2581,-214202.06007490144
2582,-217305.92413606105
2583,-51453.58142769137
2584,-169595.40087363083
2585,-162001.18888396904
2586,-130422.06158335482
2587,-141432.24921821777
2588,-199900.49209251365
2589,-195426.1826593936
2590,-140607.5735178312
2591,-105464.28700790815
2592,-122302.01211772447
2593,-87560.58128926615
2594,-164418.02761102244
2595,-130105.90496399507
2596,-52916.17933888348
2597,-143411.8639587829
2598,-60633.525636174134
2599,49866.08678853148
2600,-53273.31801202844
2601,-221054.0796760635
2602,-270956.6656944283
2603,-250704.2389456331
2604,-253053.96078710986
2605,-272568.4279488863
2606,-209719.370625373
2607,-130825.21908166516
2608,-156053.09102762665
2609,-182903.03553481319
2610,-232989.31938283722
2611,-135300.8327754901
2612,-186582.6101410062
2613,-222530.4800076569
2614,-234357.06640089594
2615,-185702.19771335868
2616,-191154.46572678047
2617,-138404.76231473335
2618,-139443.4921985609
2619,-135887.8002503288
2620,-148365.06965710103
2621,-165754.61636204892
2622,-161278.964246882
2623,-111832.03109935031
2624,-52583.102760269394
2625,-43626.956081025855
2626,-169787.37771042442
2627,-156324.5127073871
2628,124316.02160473968
2629,153764.7378502875
2630,48437.75142881097
2631,114064.2329424835
2632,72656.87760638772
2633,-24913.921844506025
2634,80729.43370722764
2635,-206070.77713087242
2636,-168580.22751054174
2637,-152590.23140059694
2638,-70929.43887078397
2639,-156576.92447123618
2640,-189350.38291564016
2641,-245158.01917569156
2642,-176495.34591821322
2643,-233377.96745197143
2644,-237233.90661488654
2645,-233495.45898111427
2646,-248957.6056372425
2647,-234806.84706423554
2648,-196270.7743328571
2649,-197403.02141655408
2650,-210489.00003256532
2651,-208312.92247876935
2652,39177.204282998195
2653,-80943.88107418422
2654,-61847.75623967768
2655,68807.3780457387
2656,-6803.81735452768
2657,20280.186060900392
2658,-15869.06501610676
2659,-11305.236081210285
2660,21135.956469596596
2661,24599.868045157986
2662,40174.570935641445
2663,-57123.10228518235
2664,-50007.39293231875
2665,-7495.2990166945965
2666,-45584.598853909905
2667,-158586.23536163045
2668,-153739.1727739048
2669,-151981.70143798593
2670,-72857.97488745613
2671,-150801.3123607668
2672,-146637.27025181035
2673,-146877.37300568906
2674,-149251.347451707
2675,-151470.07512853298
2676,-153415.53482538395
2677,-138823.1119222825
2678,-111424.67406868235
2679,-54098.637420405474
2680,-46267.25509009443
2681,58178.6887842842
2682,-23652.611558158067
2683,134494.39806841756
2684,-12364.61889829897
2685,-1389.320173727232
2686,-87160.02972400814
2687,-50197.12702594795
2688,-130652.33670460654
2689,-126034.94660785171
2690,28928.69442028299
2691,-145383.5691691015
2692,-180037.27839006926
2693,-133703.17688779655
2694,-199362.02718067617
2695,-142752.47608654408
2696,-158197.70297062473
2697,-149054.15956339904
2698,-131615.7560445158
2699,-178276.74665212142
2700,-200381.28087559657
2701,-207910.1101995564
2702,-250858.82257043847
2703,-222869.5073004654
2704,-197948.0695590691
2705,-236409.1457650353
2706,-260108.83553862627
2707,-243360.59852866293
2708,-201986.11927710686
2709,-226638.98532087752
2710,-206151.3723698992
2711,-50419.16212409505
2712,67024.85961567401
2713,-180703.39491113683
2714,-201447.9438965575
2715,-168566.8355249266
2716,-211041.72321702068
2717,-146647.9890822217
2718,-125708.49195503372
2719,-193037.3421795404
2720,-166329.96898561163
2721,-222338.3660116653
2722,-189651.9174757023
2723,-210944.24339614005
2724,-224156.9120785049
2725,-218384.00754526153
2726,-200185.79612143844
2727,-169227.50941109593
2728,-162862.00302326833
2729,-197178.80470145054
2730,-196124.87615266134
2731,-213501.29960247228
2732,-204122.04626502865
2733,-189062.1757223118
2734,-218190.48659687064
2735,-206838.52069006365
2736,-210837.28983994637
2737,-221670.25482482632
2738,-215162.98274049532
2739,-195025.61979676015
2740,-205896.54965919023
2741,-198985.2619425837
2742,-187133.63514800678
2743,-181385.35523207148
2744,-176128.3425084603
2745,-203827.3573291477
2746,-202200.94514227012
2747,-192350.67948528135
2748,-226024.42322359895
2749,-210315.0554629683
2750,-226609.27499517938
2751,-207720.08389013534
2752,181586.86550648368
2753,-188207.60392803617
2754,-110171.15028438182
2755,-200205.9594117073
2756,-206186.02783849346
2757,-229834.94141054977
2758,-207895.66158640257
2759,-175392.95586958103
2760,-159671.4567675475
2761,-202796.65944189715
2762,-205693.54886573856
2763,-157354.90020902225
2764,-194383.34839531974
2765,-65853.75104640023
2766,-167728.14278944532
2767,-258519.96627593628
2768,-214208.1706821586
2769,-200394.77894798937
2770,-205724.6844700006
2771,-247247.70528504308
2772,-241293.62869264657
2773,-160873.0540095074
2774,-190191.5023029127
2775,-171815.78413488535
2776,-195945.84459392732
2777,-190181.701051646
2778,-178274.75271326958
2779,-215267.33046546395
2780,-244544.59951039875
2781,-258685.77432563924
2782,-248926.4651370155
2783,-239316.23879034302
2784,-213252.77644773334
2785,-203733.35068884114
2786,-243160.45772097658
2787,-167139.29312786128
2788,-278379.5091014874
2789,-123354.80781958204
2790,-248919.06799080488
2791,-229395.25255711784
2792,-255158.2943662447
2793,-132897.19949393143
2794,-198124.3458818986
2795,-172614.0529764272
2796,-194886.83669477515
2797,-117946.85926707342
2798,-175748.64544326608
2799,-236181.83723457035
2800,-278898.0288103036
2801,-229936.6986938226
2802,-216890.72140737955
2803,-173606.66121810832
2804,-221062.1101358698
2805,-241241.3839941611
2806,-271213.29109477415
2807,-97102.69355612926
2808,-185203.2128428783
2809,-211656.06111222086
2810,-217582.49271255007
2811,-170403.23711446047
2812,-151796.5742844349
2813,-190797.86346047273
2814,-188071.18275478063
2815,-186710.05169689987
2816,210705.774456785
2817,142766.5033752555
2818,-218155.90627735478
2819,-171328.0484506419
2820,-207277.37900069074
2821,-234107.61765411883
2822,-158834.84750603483
2823,-28264.55368479395
2824,-156458.98132826714
2825,-190482.26105646673
2826,-210251.5868610716
2827,-163032.55857596605
2828,-106732.11400386185
2829,-131143.00704476942
2830,-111624.94420526855
2831,-157509.14554445658
2832,-96879.60326443333
2833,-26240.958922472768
2834,-106568.76455058923
2835,-112398.13053514888
2836,-147748.18088901485
2837,-183835.33298683327
2838,-197020.00303030037
2839,-175045.3557232397
2840,-133592.94529533008
2841,-142110.41883518646
2842,-118919.03385946742
2843,-190820.849982701
2844,-114457.55048105147
2845,-218652.0676310499
2846,-136436.4659984307
2847,-122954.60636153586
2848,-140496.39576543408
2849,-145149.42436332756
2850,-75776.59633373236
2851,-137636.16151234694
2852,-117034.06376912049
2853,-114987.55840304073
2854,-204674.542080427
2855,-138685.08116987877
2856,-139983.15795290185
2857,-153704.01724180506
2858,-130936.67621979065
2859,-266417.6863436929
2860,141289.7300317681
2861,-221506.79235472708
2862,-163923.24777647734
2863,-206724.75144060823
2864,-84907.56041909491
2865,-197894.94093577686
2866,-211974.70185510974
2867,-247390.86105216527
2868,-246835.3094734957
2869,-206238.20653616352
2870,-228043.30339632652
2871,-278527.63146890537
2872,-266014.3830737127
2873,-265302.2649295601
2874,-142062.8444214636
2875,-228214.5384857014
2876,-189720.76924381652
2877,-189745.5832950647
2878,-145171.0617119843
2879,-196031.82079563817
2880,-236844.85557317236
2881,-197990.00408473748
2882,-143079.57603845996
2883,-133597.64584972645
2884,-139151.9742450724
2885,-106914.54266112237
2886,-93321.01540616639
2887,-243279.81726908698
2888,-194831.792618323
2889,-312010.3939411953
2890,-265891.06747070723
2891,-196963.37468870627
2892,-327698.4911471244
2893,-264443.0645765052
2894,-325700.0478476085
2895,2910.636035266245
2896,-52244.8581092059
2897,-118976.89667481714
2898,-201057.87039409138
2899,-138750.6137838731
2900,-180943.31516178118
2901,224226.28406552755
2902,-173053.42871358024
2903,-31985.481472199317
2904,6756.736328594212
2905,-240884.03461392687
2906,-146684.98191564216
2907,-238148.06746138437
2908,-228684.8877967039
2909,-200068.34151185612
2910,-269261.9139792873
2911,-270331.62335709936
2912,-190827.7586518783
2913,-270777.4285174211
2914,-271474.30695697025
2915,-261798.455950877
2916,-262215.9832541132
2917,-170831.78874067956
2918,-231194.84913147485
2919,-119222.62396127297
